{"stats":{"minecraft:dropped":{"mowziesmobs:grant_suns_blessing":2,"minecraft:cobblestone":101,"minecraft:flint_and_steel":1,"minecraft:spruce_planks":2},"minecraft:picked_up":{"iceandfire:dragon_skull_lightning":10,"minecraft:chainmail_boots":1,"minecraft:ladder":4,"alexscaves:tectonic_shard":3,"born_in_chaos_v1:black_argillite":1,"minecraft:raw_copper":3,"minecraft:flint_and_steel":2,"alexscaves:cooked_tripodfish":2,"minecraft:cobbled_deepslate":58,"minecraft:spruce_planks":2,"minecraft:rose_bush":6,"minecraft:poppy":2,"alexscaves:tesla_bulb":1,"cataclysm:chiseled_stone_brick_pillar":1,"alexscaves:nuclear_bomb":1,"minecraft:carrot":8,"minecraft:tnt":1,"minecraft:arrow":10,"minecraft:rotten_flesh":2,"minecraft:glow_berries":4,"minecraft:cobblestone":332,"mowziesmobs:grant_suns_blessing":1,"cataclysm:music_disc_the_harbinger":1,"minecraft:salmon":4,"minecraft:leather":2,"biomesoplenty:fir_sapling":1,"minecraft:tuff":8,"minecraft:paper":8,"minecraft:map":1,"minecraft:dirt":12,"minecraft:lantern":9,"minecraft:red_carpet":1,"minecraft:bone":7,"minecraft:bow":1,"minecraft:wheat_seeds":4,"minecraft:bell":1,"minecraft:iron_ingot":9,"minecraft:soul_sand":1,"minecraft:book":3,"minecraft:gravel":2,"minecraft:spider_eye":1,"minecraft:diamond":19,"iceandfire:hydra_skull":1,"minecraft:emerald":1},"minecraft:custom":{"minecraft:mob_kills":26,"minecraft:damage_dealt_resisted":786,"minecraft:leave_game":2,"minecraft:time_since_death":294429,"minecraft:sprint_one_cm":100888,"minecraft:walk_one_cm":346780,"minecraft:drop":7,"minecraft:play_time":294429,"minecraft:sneak_time":11609,"minecraft:walk_under_water_one_cm":21198,"minecraft:jump":387,"minecraft:walk_on_water_one_cm":9913,"minecraft:total_world_time":294429,"minecraft:time_since_rest":294429,"minecraft:damage_dealt":6789,"minecraft:fly_one_cm":2471013,"minecraft:crouch_one_cm":4369},"minecraft:used":{"minecraft:moss_block":357,"minecraft:cherry_sapling":11,"minecraft:netherite_sword":41,"minecraft:iron_bars":39,"minecraft:rose_bush":7,"minecraft:enchanting_table":1,"born_in_chaos_v1:cursed_scarlet_ornate_glass_pane":14,"alexscaves:spawn_egg_atlatitan":2,"minecraft:flint_and_steel":437,"minecraft:armor_stand":3,"minecraft:spruce_slab":30,"alexscaves:spawn_egg_luxtructosaurus":8,"alexscaves:spawn_egg_relicheirus":1,"minecraft:ladder":17,"minecraft:axolotl_spawn_egg":4,"iceandfire:spawn_egg_gorgon":20,"minecraft:spruce_planks":236,"minecraft:stone":83,"alexscaves:spawn_egg_vallumraptor":1,"alexscaves:spawn_egg_subterranodon":1,"minecraft:quartz_stairs":19,"minecraft:smooth_sandstone_stairs":101,"minecraft:torch":32,"minecraft:soul_sand":9,"minecraft:anvil":3,"cataclysm:the_harbinger_spawn_egg":15,"minecraft:spruce_stairs":194,"minecraft:carrot":100,"minecraft:light_gray_glazed_terracotta":155,"alexscaves:spawn_egg_nucleeper":1,"minecraft:spruce_fence":13,"minecraft:axolotl_bucket":2,"minecraft:azure_bluet":9,"minecraft:stripped_spruce_log":215,"minecraft:warden_spawn_egg":9,"minecraft:shroomlight":18,"minecraft:glass":20,"minecraft:sea_lantern":4,"dungeonsmod:winterhunter_egg":3,"minecraft:lava_bucket":66,"born_in_chaos_v1:fallen_chaos_knight_spawn_egg":1,"minecraft:bookshelf":36,"minecraft:quartz_pillar":10,"dungeonsmod:ironslime_egg":1,"minecraft:quartz_slab":39,"minecraft:red_wool":189,"minecraft:lantern":126,"minecraft:grass_block":217,"minecraft:blue_orchid":4,"minecraft:quartz_block":256,"minecraft:netherite_hoe":61,"minecraft:cherry_leaves":23,"alexscaves:spawn_egg_grottoceratops":2,"iceandfire:dragonsteel_fire_sword":30,"dungeonsmod:king_egg":1,"minecraft:barrel":11,"minecraft:stone_brick_stairs":266,"minecraft:stone_bricks":197,"minecraft:red_carpet":96,"iceandfire:spawn_egg_lightning_dragon":3,"minecraft:oak_sapling":3,"minecraft:furnace":6,"minecraft:acacia_wood":44,"minecraft:potato":24,"cataclysm:the_leviathan_spawn_egg":10,"iceandfire:pixie_jar_3":2,"minecraft:water_bucket":71,"cataclysm:ignis_spawn_egg":4,"minecraft:cow_spawn_egg":1,"minecraft:pink_tulip":12,"minecraft:wither_skeleton_skull":6,"minecraft:birch_leaves":6,"minecraft:polished_andesite":49,"iceandfire:hydra_skull":1,"biomesoplenty:fir_leaves":4,"born_in_chaos_v1:dark_stained_glass_panel":321,"minecraft:sandstone":178,"minecraft:composter":9,"minecraft:cauldron":3,"iceandfire:pixie_house_dark_oak":2,"minecraft:spruce_fence_gate":2,"minecraft:stonecutter":1,"iceandfire:dragon_skull_lightning":11,"dungeonsmod:leech_egg":1,"cataclysm:chiseled_stone_brick_pillar":28,"minecraft:oak_leaves":28,"alexscaves:tremorzilla_egg":1,"minecraft:glow_berries":8,"born_in_chaos_v1:sir_pumpkinhead_spawn_egg":1,"minecraft:oak_slab":9,"minecraft:dark_prismarine_slab":39,"minecraft:red_bed":14,"minecraft:blast_furnace":2,"minecraft:sponge":3,"minecraft:campfire":2,"born_in_chaos_v1:lord_pumpkinhead_spawn_egg":1,"iceandfire:pixie_jar_4":2,"iceandfire:pixie_jar_2":1,"iceandfire:pixie_jar_0":3,"minecraft:smoker":1,"alexscaves:spawn_egg_trilocaris":1,"minecraft:oxeye_daisy":7,"minecraft:chiseled_sandstone":56,"dungeonsmod:crawler_egg":3,"dungeonsmod:haunter_egg":2,"minecraft:cyan_bed":5,"alexscaves:vallumraptor_egg":1,"minecraft:spore_blossom":3,"alexscaves:nuclear_siren":1,"minecraft:spruce_trapdoor":67,"aquamirae:maze_mother_spawn_egg":1,"cataclysm:netherite_monstrosity_spawn_egg":1,"minecraft:pink_petals":273,"iceandfire:pixie_house_mushroom_red":3,"iceandfire:pixie_house_birch":1,"minecraft:stripped_oak_wood":97,"minecraft:smithing_table":1,"minecraft:chain":14,"minecraft:sea_pickle":9,"biomesoplenty:fir_log":1,"alexscaves:nuclear_bomb":2,"minecraft:jukebox":2,"born_in_chaos_v1:dark_grid":8,"minecraft:smooth_stone":124,"minecraft:bone_meal":100,"minecraft:birch_stairs":1},"minecraft:killed":{"minecraft:spider":2,"minecraft:phantom":1,"minecraft:skeleton":13,"minecraft:iron_golem":2,"minecraft:creeper":1,"minecraft:zombie":2,"minecraft:villager":4}},"DataVersion":3465}