{"stats":{"minecraft:dropped":{"minecraft:soul_sand":1,"minecraft:tnt":1,"cataclysm:chiseled_stone_brick_pillar":1,"born_in_chaos_v1:phantom_bomb":1,"minecraft:cobblestone":3,"alexscaves:tesla_bulb":2,"alexscaves:nuclear_bomb":2,"minecraft:flint_and_steel":2,"minecraft:bone":3},"minecraft:picked_up":{"born_in_chaos_v1:diamond_termite_shard":5,"alexscaves:tesla_bulb":1,"born_in_chaos_v1:ethereal_spirit":1,"minecraft:gravel":18,"born_in_chaos_v1:dark_rod":2,"minecraft:flint":6,"minecraft:tuff":44,"born_in_chaos_v1:pieceofdarkmetal":1,"alexscaves:tectonic_shard":2,"minecraft:dirt":38,"minecraft:raw_copper":26,"alexscaves:dinosaur_chop":2,"minecraft:arrow":4,"minecraft:bone":11,"minecraft:rotten_flesh":2,"minecraft:cobbled_deepslate":350,"iceandfire:raw_silver":1,"minecraft:phantom_membrane":1,"minecraft:coal":4,"minecraft:cobblestone":665,"mowziesmobs:grant_suns_blessing":1},"minecraft:custom":{"minecraft:time_since_rest":109231,"minecraft:sprint_one_cm":75974,"minecraft:damage_taken":50,"minecraft:walk_one_cm":134528,"minecraft:mob_kills":8,"minecraft:drop":14,"minecraft:damage_dealt":2518,"minecraft:swim_one_cm":6794,"minecraft:fly_one_cm":1148784,"minecraft:crouch_one_cm":1020,"minecraft:play_time":109231,"minecraft:sneak_time":3750,"minecraft:walk_under_water_one_cm":28995,"minecraft:jump":1437,"minecraft:damage_dealt_resisted":62,"minecraft:leave_game":1,"minecraft:walk_on_water_one_cm":8185,"minecraft:time_since_death":109231,"minecraft:total_world_time":109231,"minecraft:fall_one_cm":2068},"minecraft:used":{"minecraft:netherite_sword":95,"minecraft:lava_bucket":43,"minecraft:flint_and_steel":467,"minecraft:sandstone":41,"alexscaves:tesla_bulb":17,"cataclysm:chiseled_stone_brick_pillar":38,"minecraft:stone_brick_stairs":47,"minecraft:cracked_stone_bricks":6,"minecraft:torch":21,"minecraft:soul_sand":3,"minecraft:tnt":506,"alexscaves:nuclear_bomb":76,"born_in_chaos_v1:dark_grid":20},"minecraft:killed":{"minecraft:skeleton":3,"born_in_chaos_v1:dark_vortex":1,"minecraft:spider":1,"born_in_chaos_v1:maggot":1}},"DataVersion":3465}